titulo,empresa,localizacao,uf,descricao,fonte
Auxiliar de Produção,Somar Diversidade,"Louveira / SP
              



                      A empresa aceita candidaturas de Louveira e cidades próximas",SP,"Descrição
: 
Nosso parceiro é uma empresa de bens de consumo e farmacêuticos de grande porte.
Principais responsabilidades: 
Executar as tarefas menos complexas do processo de produção na linha, como embalar produtos acabados, operar equipamentos mais simples, puxar pallets e controlar a entrada de matérias-primas nas áreas de produção. 
Participar das atividades básicas de IWS (Sistemas integrados de Trabalho), sendo responsável por manter a organização e limpeza, inspeciona, lubrifica determinadas partes do equipamento, fazendo a manutenção preventiva da área, inclusive nas paradas das linhas. 
Modelo/horário de trabalho
: 100% presencial – Escala: 12h (22x55) – disponibilidade para trabalhar em turnos.
Local: Louveira / SP
 (ônibus fretado das cidades próximas: Campinas, Valinhos, Vinhedo, Jundiaí, Várzea Paulista e Campo Limpo)
Benefícios: 
•	Refeição no local;
•	Lojinha de produtos com descontos;
•	Seguro de Vida;
•	Benefício transporte: fretado ou vale-transporte;
•	Plano de saúde;
•	Plano odontológico;
•	Gympass (Academia);
•	Benefício de medicamentos e reembolso de vacinas.
Necessário: 
Ensino médio completo
Disponibilidade para trabalhar por turnos.
Outros requisitos
: 
Proatividade, ser responsável, organizado, saber trabalhar em equipe, gostar de desafios e ser positivo em relação à atividade a ser desempenhada.",Vagas.com
Assistente Administrativo,Vetnil,"Louveira / SP
              



                      A empresa aceita candidaturas de Louveira e cidades próximas",SP,"Descrição
: 
Há mais de 30 anos trabalhamos para entregar o 
melhor da medicina veterinária
, da 
pesquisa
 e da 
ciência
 a todos os nossos parceiros, que no dia a dia, se empenham para fazer o 
cuidado
 
chegar aos animais
. Entendemos que, para isso, precisamos primeiro valorizar as relações humanas, reconhecendo nossos colaboradores que se dedicam, fazendo nosso trabalho acontecer e progredir todos os dias.
Somos premiados entre
 “Melhores empresas para se trabalhar” 
pela Great Place to Work Brasil, no ranking Indústria e São Paulo 2025 e no ranking Agronegócio 2021, e conquistar esse reconhecimento é ter a certeza de que estamos no caminho certo.
Venha fazer parte do nosso time!
Oportunidade: 
Assistente Administrativo
Local de Trabalho:
 Louveira/SP


Ensino Superior completo ou em andamento em Administração, ou áreas correlatas;


Experiência na área administrativa;


Conhecimento básico a intermediário em Pacote Office;


Conhecimento no sistema Protheus será considerado um diferencial.


Quais são as principais responsabilidades?
Apoiar a rotina administrativa da Diretoria de Marketing, realizando o acompanhamento de atividades, cronogramas e prazos, atendimento telefônico, elaboração de relatórios, controles administrativos e demais documentos pertinentes à área.
Elaborar e manter atualizadas planilhas de controle interno de pagamentos dos departamentos de Marketing Pet Institucional, Marketing Equinos e Desenvolvimento de Novos Produtos.
Acompanhar o recebimento de notas fiscais das áreas de Marketing e o respectivo fluxo de pagamentos, contribuindo para que as obrigações sejam processadas dentro dos prazos e datas de vencimento estabelecidos.",Vagas.com
Analista Fiscal Jr,Vetnil,"Louveira / SP
              



                      A empresa aceita candidaturas de Louveira e cidades próximas",SP,"Descrição
: 
Há mais de 30 anos trabalhamos para entregar o 
melhor da medicina veterinária
, da 
pesquisa
 e da 
ciência
 a todos os nossos parceiros, que no dia a dia, se empenham para fazer o 
cuidado
 
chegar aos animais
. Entendemos que, para isso, precisamos primeiro valorizar as relações humanas, reconhecendo nossos colaboradores que se dedicam, fazendo nosso trabalho acontecer e progredir todos os dias.
Somos premiados entre
 “Melhores empresas para se trabalhar” 
pela Great Place to Work Brasil, no ranking Indústria e São Paulo 2025 e no ranking Agronegócio 2021, e conquistar esse reconhecimento é ter a certeza de que estamos no caminho certo.
Venha fazer parte do nosso time!
Oportunidade: 
Analista Fiscal Jr (Temporário com chances de efetivação)
Local de Trabalho:
 Louveira/SP
Quais são os requisitos?


Ensino superior completo em Ciências Contábeis, Administração, Economia ou áreas correlatas;


Experiência sólida em rotinas fiscais;


Conhecimento de legislação tributária, especialmente ICMS, IPI, PIS e COFINS;


Experiência com escrituração fiscal e obrigações acessórias;


Conhecimento intermediário/avançado em Excel;


Conhecimento do ERP TOTVS Protheus, especialmente nos processos relacionados à área fiscal.


Diferenciais: 


Experiência prática com Reforma Tributária do Consumo – IBS e CBS;


Conhecimento na implantação ou adequação de sistemas à Reforma Tributária;


Conhecimento do Configurador de Tributos do Protheus;


Experiência com parametrização e testes fiscais em ERP.


Quais são as principais responsabilidades?
Executar e analisar as rotinas fiscais de entradas, saídas, serviços, devoluções, transferências, importações e demais operações da empresa.
Realizar conferência de documentos fiscais, incluindo CFOP, CST, NCM, alíquotas, bases de cálculo, impostos e demais informações tributárias.
Realizar a escrituração fiscal e conferência dos registros fiscais no sistema.
Preparar, validar e transmitir obrigações acessórias, tais como EFD ICMS/IPI, EFD Contribuições, DCTFWeb, EFD-Reinf, impostos retidos e demais obrigações aplicáveis.
Efetuar conciliações e análises entre documentos fiscais, escrituração, apurações e obrigações acessórias.
Identificar inconsistências fiscais e atuar na correção das divergências, avaliando impactos tributários e riscos.
Participar ativamente dos projetos relacionados à Reforma Tributária, especialmente IBS, CBS e demais alterações decorrentes da regulamentação.
Apoiar a análise e adequação dos processos fiscais e das regras tributárias no TOTVS Protheus, incluindo parametrizações, testes e validações.
Participar de testes de novas funcionalidades, atualizações e alterações de parametrização do sistema.
Apoiar a elaboração e atualização de procedimentos, controles e documentos da área fiscal.
Contribuir para a identificação de oportunidades de melhoria, automação e redução de riscos nos processos fiscais.
Atuar de forma integrada com Contabilidade, Compras, Comercial, Logística, Financeiro, TI e demais áreas envolvidas nos processos fiscais.",Vagas.com
Auxiliar de Laboratório - Cq e P&d,Vetnil,"Louveira / SP
              



                      A empresa aceita candidaturas de Louveira e cidades próximas",SP,"Descrição
: 
Há mais de 30 anos trabalhamos para entregar o 
melhor da medicina veterinária
, da 
pesquisa
 e da 
ciência
 a todos os nossos parceiros, que no dia a dia, se empenham para fazer o 
cuidado
 
chegar aos animais
. Entendemos que, para isso, precisamos primeiro valorizar as relações humanas, reconhecendo nossos colaboradores que se dedicam, fazendo nosso trabalho acontecer e progredir todos os dias.
Somos premiados entre
 “Melhores empresas para se trabalhar” 
pela Great Place to Work Brasil, no ranking Indústria e São Paulo 2025 e no ranking Agronegócio 2021, e conquistar esse reconhecimento é ter a certeza de que estamos no caminho certo.
Venha fazer parte do nosso time!
Oportunidade: 
Auxiliar de Laboratório - CQ e P&D (Temporário)
Local de Trabalho:
 Louveira/SP
Quais são os requisitos?


Ensino Médio Completo;


Conhecimento básico em Boas Práticas de Laboratório e normas de segurança; 


Diferencial:


Vivência com higienização e organização de vidrarias e utensílios laboratoriais;


Experiência em rotinas de laboratório.


Quais são as principais responsabilidades?
Realizar a lavagem, higienização, enxágue e secagem de vidrarias e utensílios utilizados nas atividades laboratoriais, conforme os procedimentos estabelecidos, a fim de disponibilizar o material para uso nas rotinas do setor.
Inspecionar as vidrarias após a lavagem, identificando resíduos, manchas, trincas, quebras ou outras avarias e tomar a ação corretiva para disponibilizar a vidraria em condições próprias para de uso no laboratório.
Separar e descartar adequadamente materiais quebrados ou danificados, seguindo os procedimentos internos de segurança.
Organizar vidrarias, utensílios, materiais e equipamentos nos locais previamente definidos, de modo a manter o ambiente organizado.
Repor materiais e vidrarias nos respectivos locais após a higienização.
Manter os armários organizados, identificados e limpos, facilitando a localização e o controle dos materiais.
Apoiar o controle de estoque e comunicar a necessidade de reposição de materiais, garantindo o abastecimento dos insumos para as atividades do setor.
Dar suporte para as atividades dos laboratórios do P&D e CQ, mantendo as bancadas, pias e áreas destinadas à lavagem organizadas e limpas, conforme as Boas Práticas de Laboratório, a fim de promover o bom funcionamento do setor.
Auxiliar no descarte de resíduos dos laboratórios, destinando em coletores próprios, a fim de manter os contentores disponíveis para uso.
Utilizar corretamente os equipamentos de proteção individual (EPIs), de acordo com as normas de segurança, a fim de garantir a proteção durante as atividades.",Vagas.com
Analista Comercial Sr,Vetnil,"Louveira / SP
              



                      A empresa aceita candidaturas de Louveira e cidades próximas",SP,"Descrição
: 
Há 30 anos trabalhamos para entregar o 
melhor da medicina veterinária
, da 
pesquisa
 e da 
ciência
 a todos os nossos parceiros, que no dia a dia, se empenham para fazer o 
cuidado chegar aos animais
. Entendemos que, para isso, precisamos primeiro valorizar as relações humanas,
 reconhecendo nossos colaboradores
 que se dedicam, fazendo nosso trabalho acontecer e progredir todos os dias.
Somos premiados entre 
“Melhores empresas para se trabalhar”
 pela Great Place to Work Brasil, no ranking Indústria e São Paulo 2025 e no ranking Agronegócio 2021, e conquistar esse reconhecimento é ter a certeza de que estamos no caminho certo.
Venha fazer parte do nosso time!
Oportunidade:
 Analista Comercial Sr
Local de Trabalho
: Louveira/SP 
Quais são os requisitos?


Ensino superior completo em Administração, Gestão Comercial, Marketing, Engenharia ou áreas correlatas;


Experiência na atualização e acompanhamento das metas da equipe comercial e dos distribuidores;


Vivencia com análise e acompanhamento de metas e indicadores comerciais;


Experiência com análise de vendas, clientes, produtos, regiões e canais;


Habilidade em Power BI, incluindo atualização de bases de dados, criação e manutenção de dashboards;


Conhecimento avançado em Excel.


Quais são as principais responsabilidades?
Responsável por elaborar e atualizar relatórios gerenciais para suporte aos Gerentes Regionais e à Diretoria, garantindo informações precisas e estratégicas para a tomada de decisão.
Atua no acompanhamento, análise e monitoramento das metas de vendas dos distribuidores, identificando desvios e contribuindo na construção de planos de ação.
Realiza o controle do atingimento das metas da equipe comercial, consolidando resultados e indicadores de desempenho.
É responsável pela criação, atualização e monitoramento de KPIs e indicadores de performance da área comercial, bem como pelo apoio no planejamento, acompanhamento e execução de campanhas de vendas.
Desenvolve análises de dados comerciais, transformando informações em insights relevantes para suporte às decisões estratégicas.
Também executa rotinas administrativas e operacionais da área comercial, assegurando a organização e atualização contínua de documentos, controles e bases de dados.
Outros requisitos
:",Vagas.com
Designer Gráfico Jr,Vetnil,"Louveira / SP
              



                      A empresa aceita candidaturas de qualquer cidade do Brasil",SP,"Descrição
: 
Há mais de 30 anos trabalhamos para entregar o 
melhor da medicina veterinária
, da 
pesquisa
 e da 
ciência
 a todos os nossos parceiros, que no dia a dia, se empenham para fazer o 
cuidado
 
chegar aos animais
. Entendemos que, para isso, precisamos primeiro valorizar as relações humanas, reconhecendo nossos colaboradores que se dedicam, fazendo nosso trabalho acontecer e progredir todos os dias.
Somos premiados entre
 “Melhores empresas para se trabalhar” 
pela Great Place to Work Brasil, no ranking Indústria e São Paulo 2025 e no ranking Agronegócio 2021, e conquistar esse reconhecimento é ter a certeza de que estamos no caminho certo.
Venha fazer parte do nosso time!
Oportunidade: 
Designer Grafico JR
Local de Trabalho: 
Louveira/SP
Quais são os requisitos?


Experiência prévia em design gráfico;


Domínio das ferramentas do Pacote Adobe, principalmente Photoshop e Illustrator;


Conhecimento em Corel Draw e InDesign será considerado diferencial;


Quais são as principais responsabilidades?
Responsável pela criação e adaptação de peças gráficas para campanhas de marketing e comerciais, garantindo alinhamento com as diretrizes da marca.
Atuará no desenvolvimento de artes para redes sociais e demais canais de comunicação digital, além de apoiar na criação e aplicação de identidades visuais em diferentes materiais.
Também será responsável pela produção de peças gráficas voltadas à comunicação interna e materiais institucionais, atendendo demandas de diversas áreas da empresa com foco em qualidade visual e consistência da marca.
Entre suas atividades, está ainda a organização e controle de arquivos e versões das peças gráficas produzidas.",Vagas.com
